{
    "Regiones": {
        "Amazonía": {
            "departamentos": ["Amazonas", "Caquetá", "Guainía", "Guaviare", "Putumayo", "Vaupés", "Vichada"]
        },
        "Caribe": {
            "departamentos": ["Atlántico", "Bolívar", "Cesar", "Córdoba", "La Guajira", "Magdalena", "Sucre"]
        },
        "Andina": {
            "departamentos": ["Antioquia", "Boyacá", "Caldas", "Cauca", "Cundinamarca", "Huila", "Nariño", "Quindío", "Risaralda", "Santander", "Tolima", "Valle del Cauca"]
        },
        "Orinoquía": {
            "departamentos": ["Arauca", "Casanare", "Meta"]
        }
    },
    "Departamentos": {
        "Amazonas": ["Leticia", "Puerto Nariño"],
        "Antioquia": ["Medellín", "Bello", "Envigado", "Itagüí"],
        "Arauca": ["Arauca", "Arauquita", "Fortul"],
        "Atlántico": ["Barranquilla", "Soledad", "Malambo"],
        "Bolívar": ["Cartagena", "Turbaco", "Santa Rosa de Lima"],
        "Boyacá": ["Tunja", "Duitama", "Sogamoso"],
        "Caldas": ["Manizales", "Villamaría", "Neira"],
        "Caquetá": ["Florencia", "La Montañita"],
        "Casanare": ["Yopal", "Aguazul"],
        "Cauca": ["Popayán", "Puracé", "Piamonte"],
        "Cesar": ["Valledupar", "Chiriguaná"],
        "Chocó": ["Quibdó", "Istmina"],
        "Córdoba": ["Montería", "Cereté"],
        "Cundinamarca": ["Bogotá", "Soacha", "Fusagasugá"],
        "Guainía": ["Inírida"],
        "Guaviare": ["San José del Guaviare"],
        "Huila": ["Neiva", "Pitalito"],
        "La Guajira": ["Riohacha", "Maicao"],
        "Magdalena": ["Santa Marta", "Ciénaga"],
        "Meta": ["Villavicencio", "Acacías"],
        "Nariño": ["Pasto", "Ipiales"],
        "Norte de Santander": ["Cúcuta", "Ocaña"],
        "Putumayo": ["Mocoa", "Puerto Caicedo"],
        "Quindío": ["Armenia"],
        "Risaralda": ["Pereira", "Dosquebradas"],
        "Santander": ["Bucaramanga", "Floridablanca"],
        "Sucre": ["Sincelejo", "Colosó"],
        "Tolima": ["Ibagué", "Espinal"],
        "Valle del Cauca": ["Cali", "Palmira"],
        "Vaupés": ["Mitú"],
        "Vichada": ["Puerto Carreño"]
    }
}